<?xml version="1.0" encoding="UTF-8"?>
<!DOCTYPE mapper
  PUBLIC "-//mybatis.org//DTD Mapper 3.0//EN"
  "https://mybatis.org/dtd/mybatis-3-mapper.dtd">

<mapper namespace="com.gdu.movie.dao.MovieMapper">

  <select id="getMovieCount" resultType="int">
    SELECT COUNT(*)
      FROM MOVIE
  </select>

  <select id="getMovieList" resultType="MovieDto">
    SELECT NO, TITLE, GENRE, DESCRIPTION, STAR
      FROM MOVIE
     ORDER BY NO ASC 
  </select>
  
  <select id="getMovieSearchCount" parameterType="Map" resultType="int">
    SELECT COUNT(*)
      FROM MOVIE
     WHERE ${column} LIKE '%' || #{searchText} || '%'
  </select>
  
  <select id="getSearchMovieList" parameterType="Map" resultType="MovieDto">
    SELECT NO, TITLE, GENRE, DESCRIPTION, STAR
      FROM MOVIE
     WHERE ${column} LIKE '%' || #{searchText} || '%'
     ORDER BY NO ASC 
  </select>
  

</mapper>