<?xml version="1.0" encoding="UTF-8"?>
<configuration>

	<!-- Appenders : 로그를 출력하는 Appender 모음 -->
  
    <!-- Console에 로그를 찍는 Appender -->
	<appender name="console" class="ch.qos.logback.core.ConsoleAppender">
      <encoder class="ch.qos.logback.core.encoder.LayoutWrappingEncoder">
        <layout class="com.gdu.app10.logback.MyLogbackLayout" />
      </encoder>		
	</appender>
	
	<!-- Application Loggers -->
	<logger name="com.gdu.app10" level="info" />
	
	<!-- 3rdparty Loggers -->
	<logger name="org.springframework"  level="info" />
    <logger name="log4jdbc"             level="info" />
    <logger name="jdbc.sqlonly"         level="info" /> <!-- 쿼리문 출력하기 -->
    <logger name="jdbc.sqltiming"       level="off" />  <!-- 쿼리문 + 실행시간 출력하기 -->
    <logger namne="jdbc.resultsettable" level="info" /> <!-- SELECT 결과를 테이블 형식으로 출력하기 -->
    <logger name="jdbc.connection"      level="off" />  <!-- Connection 연결/종료 정보 출력하기 -->
    <logger name="jdbc.audit"           level="off" />  <!-- ResultSet을 제외한 jdbc 호출 정보 출력하기 -->
    <logger name="jdbc.resultset"       level="off" />  <!-- ResultSet을 포함한 jdbc 호출 정보 출력하기 -->
	<!-- Root Logger -->
	<root>
		<priority value="warn" />
        <!-- log를 다중으로 쓰고싶다면 <appender-ref ref="이름" /> 을 다중으로 사용하면 된다. -->
		<appender-ref ref="console" />
	</root>
	
</configuration>
